id,password,last_login,is_superuser,username,first_name,email,is_staff,is_active,date_joined,last_name
1,lqmeorjqn,,1,jorge,,1@yahoo.com,1,1,,
2,lqmeorjqn,,1,andres,,2@yahoo.com,1,1,,
3,lqmeorjqn,,1,jonathan,,3@yahoo.com,1,1,,
4,lqmeorjqn,,1,jessica,,4@yahoo.com,1,1,,
5,lqmeorjqn,,1,ian,,5@yahoo.com,1,1,,
6,lqmeorjqn,,1,1UserName,,6@yahoo.com,,,,
7,lqmeorjqn,,1,2UserName,,7@yahoo.com,,,,
8,lqmeorjqn,,1,3UserName,,8@yahoo.com,,,,
9,lqmeorjqn,,1,4UserName,,9@yahoo.com,,,,
10,lqmeorjqn,,1,5UserName,,10@yahoo.com,,,,
11,lqmeorjqn,,1,6UserName,,11@yahoo.com,,,,
12,lqmeorjqn,,1,7UserName,,12@yahoo.com,,,,
13,lqmeorjqn,,1,8UserName,,13@yahoo.com,,,,
14,lqmeorjqn,,1,9UserName,,14@yahoo.com,,,,
15,lqmeorjqn,,1,10UserName,,15@yahoo.com,,,,
16,lqmeorjqn,,1,11UserName,,16@yahoo.com,,,,
17,lqmeorjqn,,1,12UserName,,17@yahoo.com,,,,
18,lqmeorjqn,,1,13UserName,,18@yahoo.com,,,,
19,lqmeorjqn,,1,14UserName,,19@yahoo.com,,,,
20,lqmeorjqn,,1,15UserName,,20@yahoo.com,,,,
21,lqmeorjqn,,1,16UserName,,21@yahoo.com,,,,
22,lqmeorjqn,,1,17UserName,,22@yahoo.com,,,,
23,lqmeorjqn,,1,18UserName,,23@yahoo.com,,,,
24,lqmeorjqn,,1,19UserName,,24@yahoo.com,,,,
25,lqmeorjqn,,1,20UserName,,25@yahoo.com,,,,
26,lqmeorjqn,,1,21UserName,,26@yahoo.com,,,,
27,lqmeorjqn,,1,22UserName,,27@yahoo.com,,,,
28,lqmeorjqn,,1,23UserName,,28@yahoo.com,,,,
29,lqmeorjqn,,1,24UserName,,29@yahoo.com,,,,
30,lqmeorjqn,,1,25UserName,,30@yahoo.com,,,,
31,lqmeorjqn,,1,26UserName,,31@yahoo.com,,,,
32,lqmeorjqn,,1,27UserName,,32@yahoo.com,,,,
33,lqmeorjqn,,1,28UserName,,33@yahoo.com,,,,
34,lqmeorjqn,,1,29UserName,,34@yahoo.com,,,,
35,lqmeorjqn,,1,30UserName,,35@yahoo.com,,,,
36,lqmeorjqn,,1,31UserName,,36@yahoo.com,,,,
37,lqmeorjqn,,1,32UserName,,37@yahoo.com,,,,
38,lqmeorjqn,,1,33UserName,,38@yahoo.com,,,,
39,lqmeorjqn,,1,34UserName,,39@yahoo.com,,,,
40,lqmeorjqn,,1,35UserName,,40@yahoo.com,,,,
41,lqmeorjqn,,1,36UserName,,41@yahoo.com,,,,
42,lqmeorjqn,,1,37UserName,,42@yahoo.com,,,,
43,lqmeorjqn,,1,38UserName,,43@yahoo.com,,,,
44,lqmeorjqn,,1,39UserName,,44@yahoo.com,,,,
45,lqmeorjqn,,1,40UserName,,45@yahoo.com,,,,
46,lqmeorjqn,,1,41UserName,,46@yahoo.com,,,,
47,lqmeorjqn,,1,42UserName,,47@yahoo.com,,,,
48,lqmeorjqn,,1,43UserName,,48@yahoo.com,,,,
49,lqmeorjqn,,1,44UserName,,49@yahoo.com,,,,
50,lqmeorjqn,,1,45UserName,,50@yahoo.com,,,,
100,lqmeorjqn,,1,100UserName,,100@yahoo.com,,,,
