ProfileID,AuthUser_ID,Home_address_ID,Preferred_credit_card_ID,Cart_ID,Nick_name
1,1,1,7,RKV8igMqYPF5EE46bvSyTLQXQKwytyxh,vvanhaeften0
2,2,4,1,MNgZcRNoNx9dFXt8jW8DfMDRNS8LdzTj,mrubertis1
3,3,2,9,VlatCxov6exahBUQwVoZRYogcTrCqvHd,dboden2
4,4,8,8,yGfKPzUdSJGTxtEfMkNZf5tQpTVn6bQm,jletterese3
5,5,6,7,81tzPVWD6K1zFGP9F6DPaHZlK85AEwKp,klorenz4
6,6,16,3,blimNAdztSuJWS4kn5NakPArzYIBW5gS,jverling5
7,7,3,4,zobWBKd7JujLXyuUGFibnUxSmlXnmkwW,csmidmore6
8,8,11,4,U3HOBrzksLMqt8HcI7G1KgyhMQ7iR2AB,rbeadnell7
9,9,12,9,OpenA9foKHHkvEEjt3N5XOwh9HOtpu8Y,fkirkham8
10,10,14,5,TEqJE9gv0YeBLmg7dQhzOz7Q96V7dbJx,xinnis9
11,11,7,7,5gAIpzUlqIgLl74mGb5nxctwZM3r1pRz,kgounya
12,12,10,1,757r4Vfu5u5py6YzQuu6MZvn3hwIhubv,kcrecyb
13,13,8,4,SQHQHd95p52P3JlED2paZJz0cHlQh49y,gvallentinec
14,14,16,8,A9VhZ55cp7ASMrkNTVeBJJTNfLQLcDLX,sbegleyd
15,15,9,8,Sv0fIpZoKv9EXkkBcLx7Bb5tByFqLmWi,zlantaphe
16,16,8,9,SjuBbhiK6FS9NkpHQ4IpZWNFwOTn92ad,cwinnardf
17,17,7,2,N7PvZthOM3FZmePZGuPX3F5oTkYhREqO,hpaytong
18,18,6,5,aLCky3gBlRrETe0Xf3E2cb7LhZ5aC2Pa,yartingstallh
19,19,3,3,JmtWej9wdCNrbC7yl1AvukZwr4r5wxNN,nspenderi
20,20,6,5,vdbswbZHauFa5PXJN7l25JqgSqdkR1s6,mjanczakj
21,21,5,3,HKpYxvfoscOrKB6IMQ5MOgXXwGlmpbd1,bthringk
22,22,15,5,2ECQbTlehai7MgjCuf3BmYiVDpRHCYdA,arolfel
23,23,3,5,2ozlcwHD45JRV7xagGAJMPGTuTiDoxFy,kshitliffm
24,24,16,1,2V32x4wgUVEZyxWSgHFjp3ajAlYbbMTa,mmeltetaln
25,25,2,7,f40MDjbnoEbQJPBfUH6X11ZhZ9Nyt5ec,cbrooseo
26,26,2,3,xGwiiFrlmh4cl8DW7MBH5Cm8XmU0i2n0,zsorrop
27,27,5,4,u1FYLnwFikXIKR6KdYBi6R2NYCHR5cCQ,jkornelq
28,28,6,7,a28dzgCVxbUMY5DfwqKQNZfPOsZtL8aR,efaussetr
29,29,8,7,yc43NPuhEzy8s7VdSE4AiP1KuqA4cmJP,cascrafts
30,30,9,8,pmuHfPbeqtM0yPhyrcmJmnDG84FnkRYt,dlumsdainet
31,31,5,3,KL5ginXGBUqIMMjEQZd4S4E4FN70Nf5e,gantonucciu
32,32,10,9,TRP0noO8PacC6fOqU7FflhlX6oeHovbI,adenslowv
33,33,12,1,5RSjW7Grl11TAs8jnJRebbNWgMhqb7hM,rdigiacomettinow
34,34,10,5,OXAUi3syMBFaYZB8hJ0UfndS0CkFSiUd,darnaldox
35,35,4,5,lF4y1B0xWa35ddDKn5wJBSTm9gRrXLXv,jbilletty
36,36,14,4,E86LJorclposjQSkHuaDH3p3qS46bink,ecamockez
37,37,12,3,ySN5UqpNi8VOmO7OwlkqKdYcVMa5J3fZ,idenyukhin10
38,38,2,5,HE9fbNJZLE048fFUUF53A0KgxB0UAWg6,dbuye11
39,39,12,8,RoehArXEkR5wiFFY2rVSkIonACidXD9W,iquarrell12
40,40,6,7,bAVYjW3Ya0rj9SpnTdzjdSTce3NLm0Bk,hmonini13
41,41,1,6,Tw0wOSLtSp0EKBsqCeR4BsT7isRnVtPf,vgainsborough14
42,42,11,6,bJZAaggLCOW68THACw37k1Ty1BxA2Ynl,hbarck15
43,43,12,6,BeR1ndMCtWGsefpmp6DT2ItxQyIkyD8P,htrounson16
44,44,2,3,MLoMdSGhNbq7tKlgE7ZoV4Arw6DAwApZ,gdrakes17
45,45,13,9,PTeeaKDPmu5pBUjt0AIujD6v3ehGpiq9,cchippin18
46,46,1,4,ApkkCLvkVrM90QDXw7WGGlZX9JZeiIjs,tcawsy19
47,47,2,4,0dRj58R37i0siuvSymydJomte0PazdZX,aissacoff1a
48,48,14,3,OnZNCaBnGSTOcT68S2SPcq2QBmvFSPwZ,seddins1b
49,49,2,3,1QB8Iml5dr1fkoQarPqNh2txpFF7KQw6,biacobassi1c
50,50,7,6,odKSUDWUQ6ytZfkj3gFvEim3XPskkuTO,lyallop1d
